,xmf,upp_noerr_1,low_noerr_1,med_noerr_1,upp_err_1,low_err_1,med_err_1,upp_noerr_2,low_noerr_2,med_noerr_2,upp_err_2,low_err_2,med_err_2,upp_noerr_3,low_noerr_3,med_noerr_3,upp_err_3,low_err_3,med_err_3,upp_noerr_4,low_noerr_4,med_noerr_4,upp_err_4,low_err_4,med_err_4
0,0.125,0.0,0.0,0.0,0.0,0.0,0.0,0.0,0.0,0.0,0.0,0.0,0.0,0.0,0.0,0.0,0.0,0.0,0.0,0.0,0.0,0.0,0.0,0.0,0.0
1,0.375,0.0,0.0,0.0,0.0,0.0,0.0,0.0,0.0,0.0,0.0,0.0,0.0,0.0,0.0,0.0,0.0,0.0,0.0,0.0,0.0,0.0,0.0,0.0,0.0
2,0.625,0.0,0.0,0.0,0.0,0.0,0.0,0.0,0.0,0.0,0.0,0.0,0.0,0.0,0.0,0.0,0.0,0.0,0.0,0.0,0.0,0.0,0.0,0.0,0.0
3,0.875,0.0,0.0,0.0,0.0,0.0,0.0,0.0,0.0,0.0,0.0,0.0,0.0,0.0,0.0,0.0,0.0,0.0,0.0,0.0,0.0,0.0,0.0,0.0,0.0
4,1.125,0.0,0.0,0.0,0.0,0.0,0.0,0.0,0.0,0.0,0.0,0.0,0.0,0.0,0.0,0.0,0.0,0.0,0.0,0.0,0.0,0.0,0.0,0.0,0.0
5,1.375,0.0,0.0,0.0,0.0,0.0,0.0,0.0,0.0,0.0,0.0,0.0,0.0,0.0,0.0,0.0,0.0,0.0,0.0,0.0,0.0,0.0,0.0,0.0,0.0
6,1.625,0.0,0.0,0.0,0.0,0.0,0.0,0.0,0.0,0.0,0.0,0.0,0.0,0.0,0.0,0.0,0.0,0.0,0.0,0.0,0.0,0.0,0.0,0.0,0.0
7,1.875,0.0,0.0,0.0,0.0,0.0,0.0,0.0,0.0,0.0,0.0,0.0,0.0,0.0,0.0,0.0,0.0,0.0,0.0,0.0,0.0,0.0,0.0,0.0,0.0
8,2.125,0.0,0.0,0.0,0.0,0.0,0.0,0.0,0.0,0.0,0.0,0.0,0.0,0.0,0.0,0.0,0.0,0.0,0.0,0.0,0.0,0.0,0.0,0.0,0.0
9,2.375,0.0,0.0,0.0,0.0,0.0,0.0,0.0,0.0,0.0,0.0,0.0,0.0,0.0,0.0,0.0,0.0,0.0,0.0,0.0,0.0,0.0,0.0,0.0,0.0
10,2.625,0.0,0.0,0.0,0.0,0.0,0.0,0.0,0.0,0.0,0.0,0.0,0.0,0.0,0.0,0.0,0.0,0.0,0.0,0.0,0.0,0.0,0.0,0.0,0.0
11,2.875,0.0,0.0,0.0,0.0,0.0,0.0,0.0,0.0,0.0,0.0,0.0,0.0,0.0,0.0,0.0,0.0,0.0,0.0,0.0,0.0,0.0,0.0,0.0,0.0
12,3.125,0.0,0.0,0.0,0.0,0.0,0.0,0.0,0.0,0.0,0.0,0.0,0.0,0.0,0.0,0.0,0.0,0.0,0.0,0.0,0.0,0.0,0.0,0.0,0.0
13,3.375,0.0,0.0,0.0,0.0,0.0,0.0,0.0,0.0,0.0,0.0,0.0,0.0,0.0,0.0,0.0,0.0,0.0,0.0,0.0,0.0,0.0,0.0,0.0,0.0
14,3.625,0.0,0.0,0.0,0.0,0.0,0.0,0.0,0.0,0.0,0.0,0.0,0.0,0.0,0.0,0.0,0.0,0.0,0.0,0.0,0.0,0.0,0.0,0.0,0.0
15,3.875,0.0,0.0,0.0,0.0,0.0,0.0,0.0,0.0,0.0,0.0,0.0,0.0,0.0,0.0,0.0,0.0,0.0,0.0,0.0,0.0,0.0,0.0,0.0,0.0
16,4.125,0.0,0.0,0.0,0.0,0.0,0.0,0.0,0.0,0.0,0.0,0.0,0.0,0.0,0.0,0.0,0.0,0.0,0.0,0.0,0.0,0.0,0.0,0.0,0.0
17,4.375,0.0,0.0,0.0,0.0,0.0,0.0,0.0,0.0,0.0,0.0,0.0,0.0,0.0,0.0,0.0,0.0,0.0,0.0,0.0,0.0,0.0,0.0,0.0,0.0
18,4.625,0.0,0.0,0.0,0.0,0.0,0.0,0.0,0.0,0.0,0.0,0.0,0.0,0.0,0.0,0.0,0.0,0.0,0.0,0.0,0.0,0.0,0.0,0.0,0.0
19,4.875,0.0,0.0,0.0,0.0,0.0,0.0,0.0,0.0,0.0,0.0,0.0,0.0,0.0,0.0,0.0,0.0,0.0,0.0,0.0,0.0,0.0,0.0,0.0,0.0
20,5.125,0.0,0.0,0.0,0.0,0.0,0.0,0.0,0.0,0.0,0.0,0.0,0.0,0.0,0.0,0.0,0.0,0.0,0.0,0.0,0.0,0.0,0.0,0.0,0.0
21,5.375,0.0,0.0,0.0,0.0,0.0,0.0,0.0,0.0,0.0,0.0,0.0,0.0,0.0,0.0,0.0,0.0,0.0,0.0,0.0,0.0,0.0,0.0,0.0,0.0
22,5.625,0.0,0.0,0.0,0.0,0.0,0.0,0.0,0.0,0.0,0.0,0.0,0.0,0.0,0.0,0.0,0.0,0.0,0.0,0.0,0.0,0.0,0.0,0.0,0.0
23,5.875,0.0,0.0,0.0,0.0,0.0,0.0,0.0,0.0,0.0,0.0,0.0,0.0,0.0,0.0,0.0,0.0,0.0,0.0,0.0,0.0,0.0,0.0,0.0,0.0
24,6.125,0.0,0.0,0.0,0.0,0.0,0.0,0.0,0.0,0.0,0.0,0.0,0.0,0.0,0.0,0.0,0.0,0.0,0.0,0.0,0.0,0.0,0.0,0.0,0.0
25,6.375,0.0,0.0,0.0,0.0,0.0,0.0,0.0,0.0,0.0,0.0,0.0,0.0,0.0,0.0,0.0,0.0,0.0,0.0,0.0,0.0,0.0,0.0,0.0,0.0
26,6.625,0.0,0.0,0.0,0.0,0.0,0.0,0.0,0.0,0.0,0.0,0.0,0.0,0.0,0.0,0.0,0.0,0.0,0.0,0.0,0.0,0.0,0.0,0.0,0.0
27,6.875,0.0,0.0,0.0,0.0,0.0,0.0,0.0,0.0,0.0,0.0,0.0,0.0,0.0,0.0,0.0,0.0,0.0,0.0,0.0,0.0,0.0,0.0,0.0,0.0
28,7.125,0.0,0.0,0.0,0.0,0.0,0.0,0.0,0.0,0.0,0.0,0.0,0.0,0.0,0.0,0.0,0.0,0.0,0.0,0.0,0.0,0.0,0.0,0.0,0.0
29,7.375,0.0,0.0,0.0,0.0,0.0,0.0,0.0,0.0,0.0,0.0,0.0,0.0,0.0,0.0,0.0,0.0,0.0,0.0,0.0,0.0,0.0,0.0,0.0,0.0
30,7.625,0.0,0.0,0.0,0.0,0.0,0.0,0.0,0.0,0.0,0.0,0.0,0.0,0.0,0.0,0.0,0.0,0.0,0.0,0.0,0.0,0.0,0.0,0.0,0.0
31,7.875,0.0,0.0,0.0,0.0,0.0,0.0,0.0,0.0,0.0,0.0,0.0,0.0,0.0,0.0,0.0,0.0,0.0,0.0,0.0,0.0,0.0,0.0,0.0,0.0
32,8.125,0.0,0.0,0.0,0.0,0.0,0.0,0.0,0.0,0.0,0.0,0.0,0.0,0.0,0.0,0.0,0.0,0.0,0.0,0.0,0.0,0.0,0.0,0.0,0.0
33,8.375,0.0,0.0,0.0,0.0,0.0,0.0,0.0,0.0,0.0,0.0,0.0,0.0,0.0,0.0,0.0,0.0,0.0,0.0,0.0,0.0,0.0,0.0,0.0,0.0
34,8.625,0.0,0.0,0.0,0.0,0.0,0.0,0.0,0.0,0.0,0.0,0.0,0.0,0.0,0.0,0.0,0.0,0.0,0.0,0.0,0.0,0.0,0.0,0.0,0.0
35,8.875,0.0,0.0,0.0,0.0,0.0,0.0,0.0,0.0,0.0,0.0,0.0,0.0,0.0,0.0,0.0,0.0,0.0,0.0,0.0,0.0,0.0,0.0,0.0,0.0
36,9.125,0.0,0.0,0.0,0.0,0.0,0.0,0.0,0.0,0.0,0.0,0.0,0.0,0.0,0.0,0.0,0.0,0.0,0.0,0.0,0.0,0.0,0.0,0.0,0.0
37,9.375,0.0,0.0,0.0,0.0,0.0,0.0,0.0,0.0,0.0,0.0,0.0,0.0,0.0,0.0,0.0,0.0,0.0,0.0,0.0,0.0,0.0,0.0,0.0,0.0
38,9.625,0.0,0.0,0.0,0.0,0.0,0.0,0.0,0.0,0.0,0.0,0.0,0.0,0.0,0.0,0.0,0.0,0.0,0.0,0.0,0.0,0.0,0.0,0.0,0.0
39,9.875,0.0,0.0,0.0,0.0,0.0,0.0,0.0,0.0,0.0,0.0,0.0,0.0,0.0,0.0,0.0,0.0,0.0,0.0,0.0,0.0,0.0,0.0,0.0,0.0
40,10.125,0.0,0.0,0.0,0.0,0.0,0.0,0.0,0.0,0.0,0.0,0.0,0.0,0.0,0.0,0.0,0.0,0.0,0.0,0.0,0.0,0.0,0.0,0.0,0.0
41,10.375,0.0,0.0,0.0,0.0,0.0,0.0,0.0,0.0,0.0,0.0,0.0,0.0,0.0,0.0,0.0,0.0,0.0,0.0,0.0,0.0,0.0,0.0,0.0,0.0
42,10.625,0.0,0.0,0.0,1.3500377443063606e-07,0.0,0.0,0.0,0.0,0.0,0.0,0.0,0.0,0.0,0.0,0.0,0.0,0.0,0.0,0.0,0.0,0.0,0.0,0.0,0.0
43,10.875,2.700075488612721e-07,0.0,1.3500377443063606e-07,2.700075488612721e-07,0.0,1.3500377443063606e-07,0.0,0.0,0.0,0.0,0.0,0.0,0.0,0.0,0.0,0.0,0.0,0.0,0.0,0.0,0.0,0.0,0.0,0.0
44,11.125,5.400150977225442e-07,0.0,2.700075488612721e-07,2.700075488612721e-07,0.0,6.750188721531803e-08,0.0,0.0,0.0,0.0,0.0,0.0,0.0,0.0,0.0,0.0,0.0,0.0,0.0,0.0,0.0,0.0,0.0,0.0
45,11.375,0.0,0.0,0.0,1.3500377443063606e-07,0.0,0.0,0.0,0.0,0.0,0.0,0.0,0.0,0.0,0.0,0.0,0.0,0.0,0.0,0.0,0.0,0.0,0.0,0.0,0.0
46,11.625,0.0,0.0,0.0,1.3500377443063606e-07,0.0,0.0,0.0,0.0,0.0,0.0,0.0,0.0,0.0,0.0,0.0,0.0,0.0,0.0,0.0,0.0,0.0,0.0,0.0,0.0
47,11.875,2.700075488612721e-07,0.0,1.3500377443063606e-07,2.700075488612721e-07,0.0,1.3500377443063606e-07,0.0,0.0,0.0,0.0,0.0,0.0,0.0,0.0,0.0,0.0,0.0,0.0,0.0,0.0,0.0,0.0,0.0,0.0
48,12.125,4.0501132329190813e-07,1.3500377443063606e-07,2.700075488612721e-07,2.700075488612721e-07,0.0,1.3500377443063606e-07,0.0,0.0,0.0,0.0,0.0,0.0,0.0,0.0,0.0,0.0,0.0,0.0,0.0,0.0,0.0,0.0,0.0,0.0
49,12.375,2.700075488612721e-07,0.0,1.3500377443063606e-07,4.0501132329190813e-07,0.0,1.3500377443063606e-07,0.0,0.0,0.0,0.0,0.0,0.0,0.0,0.0,0.0,0.0,0.0,0.0,0.0,0.0,0.0,0.0,0.0,0.0
50,12.625,4.0501132329190813e-07,1.3500377443063606e-07,2.700075488612721e-07,4.0501132329190813e-07,0.0,1.3500377443063606e-07,0.0,0.0,0.0,0.0,0.0,0.0,0.0,0.0,0.0,0.0,0.0,0.0,0.0,0.0,0.0,0.0,0.0,0.0
51,12.875,2.700075488612721e-07,0.0,1.3500377443063606e-07,2.700075488612721e-07,0.0,1.3500377443063606e-07,0.0,0.0,0.0,0.0,0.0,0.0,0.0,0.0,0.0,0.0,0.0,0.0,0.0,0.0,0.0,0.0,0.0,0.0
52,13.125,5.400150977225442e-07,1.3500377443063606e-07,2.700075488612721e-07,2.700075488612721e-07,0.0,1.3500377443063606e-07,0.0,0.0,0.0,0.0,0.0,0.0,0.0,0.0,0.0,0.0,0.0,0.0,0.0,0.0,0.0,0.0,0.0,0.0
53,13.375,0.0,0.0,0.0,4.0501132329190813e-07,1.1340317052173427e-07,2.700075488612721e-07,0.0,0.0,0.0,0.0,0.0,0.0,0.0,0.0,0.0,0.0,0.0,0.0,0.0,0.0,0.0,0.0,0.0,0.0
54,13.625,0.0,0.0,0.0,1.3500377443063605e-06,6.750188721531802e-07,9.450264210144524e-07,0.0,0.0,0.0,0.0,0.0,0.0,0.0,0.0,0.0,0.0,0.0,0.0,0.0,0.0,0.0,0.0,0.0,0.0
55,13.875,4.0501132329190813e-07,1.3500377443063606e-07,2.700075488612721e-07,5.80516230051735e-06,3.915109458488445e-06,4.995139653933534e-06,0.0,0.0,0.0,0.0,0.0,0.0,0.0,0.0,0.0,0.0,0.0,0.0,0.0,0.0,0.0,0.0,0.0,0.0
56,14.125,4.320120781780354e-06,2.835079263043357e-06,3.6451019096271734e-06,2.0655577487887315e-05,1.701047557826014e-05,1.849551709699714e-05,0.0,0.0,0.0,0.0,0.0,0.0,0.0,0.0,0.0,0.0,0.0,0.0,0.0,0.0,0.0,0.0,0.0,0.0
57,14.375,2.9970837923601204e-05,2.632573601397403e-05,2.8215788856002934e-05,5.7646611681881595e-05,5.208985632631661e-05,5.460902675719228e-05,0.0,0.0,0.0,1.3500377443063606e-07,0.0,0.0,0.0,0.0,0.0,0.0,0.0,0.0,0.0,0.0,0.0,0.0,0.0,0.0
58,14.625,9.28825968082776e-05,8.491737411687008e-05,8.896748734978915e-05,0.0001330435196259032,0.0001247218869699988,0.0001296711253406259,0.0,0.0,0.0,5.400150977225442e-07,1.3500377443063606e-07,2.700075488612721e-07,0.0,0.0,0.0,0.0,0.0,0.0,0.0,0.0,0.0,1.3500377443063606e-07,0.0,0.0
59,14.875,0.00021506101266800324,0.00020437411388407408,0.00021026837867571565,0.00026730747337265937,0.0002549573280877448,0.00026042228087669696,4.0501132329190813e-07,1.3500377443063606e-07,2.700075488612721e-07,1.8900528420289047e-06,9.450264210144524e-07,1.4850415187369966e-06,0.0,0.0,0.0,2.700075488612721e-07,0.0,1.3500377443063606e-07,0.0,0.0,0.0,2.700075488612721e-07,0.0,1.3500377443063606e-07
60,15.125,0.00039101413195893984,0.0003782157741429155,0.00038395073448072893,0.0004852629669644554,0.0004703315495124271,0.0004775083501611597,9.450264210144524e-07,4.0501132329190813e-07,6.750188721531802e-07,7.290203819254347e-06,5.670158526086714e-06,6.412679285455212e-06,5.400150977225442e-07,1.3500377443063606e-07,2.700075488612721e-07,6.750188721531802e-07,2.700075488612721e-07,4.0501132329190813e-07,2.700075488612721e-07,0.0,1.3500377443063606e-07,6.750188721531802e-07,1.3500377443063606e-07,4.0501132329190813e-07
61,15.375,0.0006873690174380948,0.0006693973149858886,0.0006779214533034389,0.0008413435222517239,0.0008249216631299812,0.0008334458014475316,7.986823295316428e-06,6.075169849378622e-06,7.222701932039029e-06,2.2162219610533215e-05,1.941894291410269e-05,2.0655577487887315e-05,4.0501132329190813e-07,1.3500377443063606e-07,2.700075488612721e-07,2.4300679397514488e-06,1.3500377443063605e-06,1.8900528420289047e-06,1.2150339698757244e-06,5.400150977225442e-07,9.450264210144524e-07,1.3500377443063605e-06,8.100226465838163e-07,1.0800301954450885e-06
62,15.625,0.0012259206742458108,0.0011983853044129384,0.001211726377402174,0.0013913002979233401,0.0013654335747424304,0.0013794010652450237,3.48309738031041e-05,3.105086811904629e-05,3.287341907385988e-05,5.62263719748713e-05,5.0043199105948175e-05,5.3461494674531875e-05,2.565071714182085e-06,1.3500377443063605e-06,1.8900528420289047e-06,7.290203819254347e-06,5.535154751656078e-06,6.345177398239894e-06,1.6200452931676325e-06,8.100226465838163e-07,1.0800301954450885e-06,2.9700830374739932e-06,1.8900528420289047e-06,2.4300679397514488e-06
63,15.875,0.001992272299876805,0.0019622204596885452,0.0019791553331531247,0.002149843305241266,0.0021224483393338014,0.0021375147605602607,9.398422760763158e-05,8.87892823675407e-05,9.180256661283251e-05,0.000116103246010347,0.00010840803086780074,0.00011225563843907388,1.1226913881651693e-05,8.91024911242198e-06,1.0125283082297704e-05,1.8247110152044766e-05,1.536882968118361e-05,1.701047557826014e-05,4.320120781780354e-06,2.835079263043357e-06,3.6451019096271734e-06,6.345177398239894e-06,4.725132105072262e-06,5.602656638871396e-06
64,16.125,0.0029965653778663065,0.0029581379035123704,0.0029788582828119844,0.0031252131745967485,0.0030890699641061784,0.003109744442122486,0.00018522517851883265,0.00017426827218604222,0.00018023003886489912,0.00020439571448798298,0.00019413542763125464,0.00019879305784911157,3.0240845472462476e-05,2.65525423550175e-05,2.8620800179294844e-05,3.743924672510399e-05,3.345933545488884e-05,3.564099644968792e-05,9.450264210144524e-06,7.268603215345445e-06,8.437735901914753e-06,1.203693652823551e-05,9.58526798457516e-06,1.0800301954450884e-05
65,16.375,0.004183718368246616,0.0041385515054731025,0.004160208810967265,0.004300248226184164,0.0042481205688010065,0.004268616841835066,0.00030026999493764343,0.00028740143515891526,0.0002936332093866334,0.00031820389633300915,0.0003060535566342519,0.0003115212094986927,6.173992612261848e-05,5.6161570163144596e-05,5.960416641112581e-05,6.563343497719802e-05,6.032508656658541e-05,6.311426454632235e-05,2.2005615232193675e-05,1.8225509548135866e-05,2.0655577487887315e-05,1.9305539743580954e-05,1.6448859876628697e-05,1.782049822484396e-05
66,16.625,0.005494696820534705,0.005444637420975825,0.005466977845568607,0.0056290417765461195,0.0055733500195179935,0.005608124291735837,0.0004410789316687969,0.0004252456890035719,0.00043295710459904984,0.00045705257825942976,0.0004415757455587016,0.00044996758017730996,9.965438613371831e-05,9.151095846006234e-05,9.531266474802905e-05,0.0001011394276524553,9.428123591137899e-05,9.747272513891923e-05,2.7292363038897385e-05,2.3085645427638764e-05,2.4840694495237035e-05,2.5537313971299114e-05,2.254563032991622e-05,2.4030671848653217e-05
67,16.875,0.0070325734164328755,0.006979068720550526,0.0070091259608897625,0.007122685735789836,0.00704644100414239,0.007091815772728527,0.0006077815923357463,0.0005906199125301239,0.0006000242754569619,0.0006091586308349387,0.0005910519246083018,0.0006014418150884836,0.0001370936328588223,0.00012973862722784124,0.00013311372158860714,0.00013992871212186565,0.00013135867252100886,0.00013567879330278923,3.1072468722955194e-05,2.727076243498848e-05,2.909331338980207e-05,3.0915864344615654e-05,2.767577375828039e-05,2.9160815277017387e-05
68,17.125,0.00865444396063081,0.008581639125155856,0.00862275857477194,0.008747115951550977,0.008682033331973454,0.00871847625084326,0.0007579975920692264,0.000738967460025484,0.0007466383744886327,0.0007797494002054905,0.0007628631280997065,0.0007710740576605778,0.00017539150358930513,0.00016668646021401773,0.00017084727654196992,0.00018511177534831093,0.0001755967093264397,0.00017996003131603785,3.3885947382089646e-05,2.9814233545261665e-05,3.186089076563011e-05,3.658602287070237e-05,3.210929771058248e-05,3.462846814145815e-05
69,17.375,0.01038329149568758,0.010303336860318781,0.010345136728957994,0.010559925034001647,0.010483750504316906,0.010524084231965802,0.0009636677421878346,0.0009405496958543324,0.0009527216361569986,0.000976703706646857,0.000951485001583214,0.0009616993871566358,0.0002303164391786651,0.00022030455926688912,0.00022451127687814776,0.0002415433530603168,0.0002295334172869674,0.00023578409204310586,4.295280087285116e-05,3.8859486432114276e-05,4.070363799083677e-05,4.441624178767926e-05,3.991791602365047e-05,4.185117007349717e-05
70,17.625,0.012256258260024544,0.012180402339247458,0.012216626552002686,0.012786914896103558,0.01270331515882513,0.012739091159049249,0.0011789339605929724,0.0011544874771190728,0.001166567614855126,0.001183189279563026,0.0011595042173769153,0.001170145214877538,0.0002998163822555566,0.0002895830961537143,0.0002943757301460019,0.00030906684087954377,0.0002987417522110887,0.0003040960019050077,4.79263399228758e-05,4.250458834174145e-05,4.5293766321478396e-05,5.940166074947986e-05,5.3979909168345514e-05,5.595906450149864e-05
71,17.875,0.014827658951151937,0.014746440680454467,0.014791283534169346,0.015863445709640617,0.015783906885897064,0.01581744722361661,0.0013638297299021942,0.0013330326688790776,0.0013471351631561019,0.0014507829609374783,0.001424878436699728,0.0014391402354305802,0.00037872878848575195,0.0003635651645417029,0.00037065286269931125,0.0004017712327055729,0.0003890808779090931,0.0003946835345479645,7.440868031518937e-05,6.81553054835623e-05,7.195701177152901e-05,8.46905677758266e-05,7.812398418752046e-05,8.248730617711862e-05
72,18.125,0.01860005321961427,0.01850051763680205,0.018541890893514063,0.02077780990525681,0.02068485710648583,0.02072240435623048,0.0016594555949994239,0.0016233987869244896,0.001639890848008936,0.0019053730703512933,0.0018753860319747604,0.0018924829099686562,0.0004980505244785253,0.00048259529238170603,0.000490738720055362,0.0005207311585828722,0.0005060697486797051,0.0005127443352875557,0.00011936493720059116,0.00011205313277742792,0.00011603574412313168,0.00012611512592212296,0.00011797169824846701,0.00012224591774694094
73,18.375,0.025165616179385713,0.02505022035315338,0.0251018592968731,0.02901438478311894,0.028901689032375225,0.028959997162551817,0.0021871907493997574,0.002153742214246823,0.002169038141889814,0.0029117128055611632,0.0028720054954256245,0.002888945769041181,0.000634674344202329,0.0006131925436149261,0.0006241224491928305,0.0006976293042948231,0.0006806890306792669,0.0006890592646939664,0.00015934765503596834,0.00014971918584357537,0.0001543768160614323,0.00018443675647615776,0.00017480828728376477,0.00018002753320325317
74,18.625,0.037209108490907576,0.03707290588295999,0.03715465876860421,0.04259504627076095,0.04244122297017469,0.042522746349402375,0.0034638296416236694,0.003420412427766777,0.003442528746094004,0.005438713455353809,0.005371308770856081,0.005403863581022284,0.0008200561270995012,0.0007991575428176388,0.0008100901484710317,0.0010312938328756287,0.0010062965340020523,0.0010197510101618095,0.00023693162412576627,0.00022718975176285155,0.0002325440014567706,0.0002786909916326506,0.00026568742807949174,0.00027142508849279377
75,18.875,0.05699986800024517,0.05682959043963129,0.05691084111123463,0.06347773790829744,0.06332237556468268,0.06340546768776924,0.006740760057925567,0.006681461000044654,0.006708810064668813,0.011831746991553874,0.011757149305954482,0.011795414775779103,0.0012284425447521752,0.001201344587148458,0.0012130089132592649,0.0018314828045299175,0.0018044172478320637,0.001817083301949146,0.0003688303117444977,0.00035667997204574044,0.0003621476249101812,0.00045043739331232854,0.0004349389600076915,0.0004424073688091943
76,19.125,0.08296606736230651,0.0827508173443543,0.08286322418702073,0.09048009123911392,0.09027158600973226,0.09036484391703345,0.015893799958283602,0.0158117122632788,0.015852615706855793,0.02669053241293854,0.02658400903476179,0.026625444393210042,0.0021916674745598775,0.0021620206456949096,0.002176935862694006,0.00402391710052856,0.003977400200010741,0.004005629489244187,0.0005477535140729083,0.0005299816172068593,0.0005390025694143144,0.0008410465139479764,0.0008179446680674061,0.0008302732127484117
77,19.375,0.1420653520579676,0.14181253318966686,0.14194418347034063,0.1125004758842303,0.11230043269142996,0.11241035276457138,0.038642978178984384,0.03847157738696724,0.0385422950640895,0.053963055297145596,0.0538172080195527,0.05390106696407802,0.00491015207785396,0.004865806038028985,0.004885921600419149,0.01006608122713438,0.009988626861668036,0.010031590462842842,0.0010147639707343416,0.0009923101429710384,0.0010025380289219034,0.0019428393178312835,0.001908218949916291,0.0019282589101927746
78,19.625,0.13525304539974478,0.13504906009673107,0.13515403363157735,0.11413964311200828,0.11390226327535141,0.11401500762745392,0.10195067073315997,0.10173116539623771,0.10184090726439689,0.08672142955458667,0.08655035277162818,0.08663536464838713,0.013005448205849916,0.012918813583722289,0.012954692186814974,0.024259632849936597,0.024156970579708566,0.02421461449131496,0.0022688950336851783,0.002233869654446894,0.0022510529348564257,0.005265870823025754,0.005216551244150754,0.005239766493201846
79,19.875,0.09431045072816578,0.09410771826017877,0.09420624131468278,0.09485899266428137,0.09465034163082334,0.09477521472202069,0.13861809007954207,0.13838331851580718,0.13850347727520143,0.10514956896784097,0.10496130350432195,0.10505352458263552,0.03746444382956372,0.03732756080259301,0.037407115826789496,0.047859826263289315,0.04772013515781044,0.04779781632961783,0.006235732538384466,0.006174986240041657,0.006198360793546577,0.013887330661487672,0.013801057849475518,0.013845582094282742
80,20.125,0.06250325366370223,0.06233422893811507,0.062406777266418606,0.06896055979683323,0.06879191308181448,0.06888560840134483,0.10435244188179076,0.10412683977441521,0.10423884430583384,0.09844480631632958,0.09824954225714409,0.09834106941605708,0.09841675793215388,0.09818830454506235,0.09829395309878079,0.07056655389715812,0.07035438736541391,0.07047406281129569,0.02092081130328472,0.020833658266663276,0.02087509362511153,0.02970970822294649,0.029585947562850438,0.029651148985749456
81,20.375,0.042141033977501706,0.04199862119593032,0.04206798613523278,0.047432739122802506,0.047294365654162084,0.047355341458921424,0.07308589713286506,0.07290039654664639,0.07299613582332162,0.07738105841682869,0.07718353169438373,0.077276768001081,0.09203912022638987,0.09182556585584452,0.09194600812316507,0.07748272165912592,0.07732767252426784,0.07740265902073758,0.06268319209441436,0.06251498279162476,0.06259524253552377,0.047033446559395474,0.04687219265106455,0.04695228769035876
82,20.625,0.029111193289687663,0.029007429388660275,0.029048829646127174,0.03251055052879424,0.03239831919103456,0.03245605490520757,0.05141760773161475,0.05126901717732542,0.05134713306128647,0.05597086923153486,0.05578550364909062,0.05588325988215584,0.06815947440011672,0.06797305038808095,0.06807281817738518,0.06774914392811224,0.06759534222812989,0.06767941717869431,0.06736688884103836,0.06722066355287705,0.06727184078368822,0.05484349591247244,0.05469337171530557,0.05476610364874233
83,20.875,0.020539382439310357,0.02045229420450064,0.020493775464232197,0.022636196261955267,0.022529548680306044,0.022591396609448207,0.0360295103117444,0.035895613568264095,0.03596169791584789,0.039599442119768596,0.03945278481952911,0.03953464030804189,0.049400078925617465,0.049227144490722796,0.04931404372024831,0.05183358676154141,0.05167608055798867,0.05173358136559417,0.052142199989738854,0.05198176690435647,0.052059547978956934,0.05028749653600687,0.05011263964736431,0.050195618367280356
84,21.125,0.014490937937118023,0.014393351808808581,0.01444520135841641,0.016089512230000207,0.015996397426699907,0.016046616130712617,0.025790905061189622,0.025673025165507766,0.025730369368734924,0.028058968471624306,0.027937562277354326,0.028008153050928616,0.034474715042834586,0.034342562548119925,0.03441016703820381,0.03725515557829038,0.03712279787783858,0.03718665466314427,0.03872575169316329,0.038581621663581145,0.038654955713851864,0.03953636295620363,0.03937268438008392,0.03944945292637616
85,21.375,0.010805745306635929,0.010716972224721318,0.010763850935354612,0.011769445449729625,0.011685748509733607,0.011724200284766942,0.01834475568201496,0.01825654961595296,0.018301516673140315,0.02004732608241655,0.01994325437278346,0.020001416698883667,0.023429564842925323,0.023330817682155777,0.02338461128611541,0.02611156602621727,0.026007305311299977,0.026063693687804167,0.026680045319740768,0.026552250746864726,0.026610391472361026,0.028381006475151144,0.0282760707413617,0.02832885451708859
86,21.625,0.008285451644356996,0.008210994362683011,0.008244342995042868,0.008927232587245353,0.008874294907215611,0.008899786319903605,0.013319456184873622,0.013225385554850354,0.013270398513321017,0.014471167984390399,0.014393557014545717,0.014427988377176505,0.016618716225466346,0.016527772282858892,0.016572860843443237,0.01822198324954774,0.01812779921635395,0.0181696854874088,0.01697083306993633,0.01687694604504629,0.016923870656962887,0.01929323279950386,0.019196570097011523,0.019235877795974746
87,21.875,0.006600512736896045,0.006543168533668888,0.0065794764487642635,0.007137260743277368,0.007081579786551196,0.007114361403058443,0.009805113531008984,0.00973741183820751,0.009770763170642854,0.01058586735929624,0.010517809256530267,0.010551760005724083,0.011659347171605952,0.011593265524097646,0.011622677446395103,0.012748795230355324,0.01266697754289938,0.01270864780791514,0.011249896924210766,0.01117007189246542,0.011208350862667481,0.012748336217522258,0.012671389466247773,0.012710942872080461
88,22.125,0.005756096528738279,0.0057040228728648945,0.005731517741565438,0.006057030742246122,0.006002181408770443,0.006026703494358024,0.0073562638661587455,0.007294259332638243,0.00732159219680947,0.007843595090947479,0.007787741329390036,0.0078114533923310326,0.008221319451351466,0.008161933991054918,0.008188721439977445,0.008905891190583359,0.008836121239957605,0.0088658328706343,0.007424397571038399,0.007359633560368534,0.007389971608558587,0.008343292661474058,0.008278253243104354,0.008310494844513879
89,22.375,0.005338945666049569,0.005283756123062324,0.0053119935125222366,0.005345177440277287,0.005290214703631086,0.0053160436257551555,0.005492612362257496,0.00543779542968768,0.005470487943703803,0.005862328298762259,0.005810281643643759,0.0058356731535386735,0.00565111219359004,0.005605815727193073,0.005630804925840184,0.00612640108169956,0.006062976308472047,0.006100550558971581,0.0047409005459257605,0.004691899575958416,0.004715411833313256,0.0053958308564436615,0.005333777721564364,0.005365590010971199
90,22.625,0.004999238368525248,0.004949929589952203,0.004973674053799062,0.004616713273902506,0.004569316148775399,0.004593705930664037,0.004192855423700082,0.0041446158750205265,0.004166081475154998,0.004380235262458827,0.004331147890075848,0.004357314321635994,0.003640236373596693,0.003598504006844695,0.0036204637207935824,0.0041107947294501635,0.004065579265317855,0.004088386802970167,0.002909239536413594,0.002872658913693869,0.0028927933766124537,0.0034158871012478624,0.0033823629639812467,0.0033964249571259418
91,22.875,0.003934053188116553,0.003884938814978687,0.003910789337706665,0.003601717096676144,0.0035551029934407343,0.0035769250035397023,0.0030708984560678144,0.003029630502299858,0.0030479802153204703,0.003221254859726703,0.0031812667417403483,0.003204179582336716,0.0023540986158038413,0.0023159897503575613,0.0023332027315974674,0.0027024353545897686,0.00266533631737623,0.002684550054553198,0.0018055404792353266,0.001774608414437779,0.0017904200564990954,0.002147721045907217,0.00210896416234367,0.002126444451056948
92,23.125,0.0021159735583121085,0.002081061582244346,0.002100928737689558,0.0023821848010363907,0.0023414244614602935,0.0023624310487617003,0.0021936709305724277,0.0021606058061388765,0.0021754508211752695,0.0022692460434986976,0.002234992885850157,0.0022542255235555456,0.0015425531266444474,0.0015139107258612438,0.0015256101529534027,0.0017646343355828438,0.0017349443055100582,0.0017512014600269954,0.0011565989361511679,0.0011330704783433965,0.0011464520524649613,0.0013511393751057144,0.0013254454567560759,0.0013368073744121581
93,23.375,0.0009112970780107022,0.0008905550981071794,0.0008989901339336054,0.0013212549395977488,0.0012938383730863752,0.0013069715402629876,0.0013376767987194915,0.0013095474122791241,0.0013239820158412478,0.0014941947746433936,0.001466843009943747,0.0014801813828574937,0.0010295603844119395,0.0010091316132650955,0.001018400972417503,0.001148358305759922,0.00112440323602495,0.0011384193278863384,0.0007526676430547048,0.0007323306744744739,0.0007404957027520387,0.0008509719914441168,0.0008317150530593309,0.000842221046785523
94,23.625,0.00041477479625873177,0.0004001997887712003,0.0004072388855700136,0.0006478831134926224,0.0006319310675058985,0.0006403229021245067,0.0007387838548922582,0.0007150933925551703,0.0007293578913615112,0.0009145155679931286,0.0008926935578941605,0.0009038502698131084,0.0006635435513265761,0.0006461118639720924,0.0006547683059885849,0.0007326870844389707,0.0007136299516403422,0.0007238227366098552,0.0004696997318480917,0.00045590774625225793,0.000463130448184297,0.0005251376817802881,0.0005117993088665412,0.0005191570145730109
95,23.875,0.0002063073679339208,0.0001962738874182359,0.00020054810691670985,0.0003052867351954859,0.0002941300232765381,0.00030011339055930394,0.0004180580880528848,0.000404719715139138,0.0004112214969157174,0.0005245328648708389,0.000505254325882144,0.0005149718975656613,0.00036788528532348324,0.00035490332237423327,0.0003609325909403055,0.0004408305247238445,0.000426660528559605,0.00043437464423057146,0.0002558321525460553,0.0002442218279450206,0.0002511745223281984,0.00030526513459157696,0.000293768213161064,0.00030004588867208864
96,24.125,0.0001011178270485464,9.396262700372268e-05,9.706771381562732e-05,0.00014461064301912011,0.00013608380462608113,0.00013945889898684703,0.0002340965448627229,0.00022421966872537757,0.00022923640898322002,0.0002839345382315365,0.0002729776318987461,0.00027885029608647877,0.0001970137081021158,0.0001864402124887084,0.00019116534459378065,0.00024486984606228766,0.00023497676947201065,0.00024017171471210153,0.00010653957862968074,9.904956922426905e-05,0.0001037504006499438,0.00015892104310876755,0.00014931417452028348,0.00015410680851257104
97,24.375,3.8071064389439366e-05,3.359433922931948e-05,3.645101909627173e-05,6.48234123306142e-05,5.9536664523910495e-05,6.203423435087727e-05,9.276919363775586e-05,8.586240053788453e-05,8.937249867308107e-05,0.00014116534669565025,0.00013176368384430079,0.00013655631783658837,7.803218162090763e-05,7.207041494205075e-05,7.485959292178769e-05,0.00012123338943871117,0.00011214493534404075,0.00011745328375465336,4.4686249336540535e-05,3.966950907869809e-05,4.1986173847927815e-05,7.276703441811283e-05,6.545522999494957e-05,6.96619476062082e-05
98,24.625,1.3251970498111234e-05,1.0800301954450884e-05,1.2150339698757244e-05,2.7292363038897385e-05,2.346905614702177e-05,2.5043200156882988e-05,2.9970837923601204e-05,2.65741429589264e-05,2.835079263043357e-05,6.0638295323264485e-05,5.532994691265188e-05,5.7984121117958184e-05,2.337725358040894e-05,1.9980558615734136e-05,2.1668105796117086e-05,4.94545826494306e-05,4.5204663830354174e-05,4.7453826712368574e-05,1.1475320826604064e-05,9.450264210144524e-06,1.026028685672834e-05,2.8890807728156115e-05,2.4684090116897495e-05,2.6730747337265938e-05
99,24.875,5.691759129995615e-06,4.185117007349717e-06,4.8601358795028975e-06,1.0686898783929149e-05,8.100226465838163e-06,9.382762322929206e-06,7.965222691407528e-06,6.0535692454697205e-06,7.0201962703930745e-06,2.2588831537734023e-05,1.9013931590810782e-05,2.0655577487887315e-05,4.725132105072262e-06,3.240090586335265e-06,4.050113232919082e-06,1.741548690155205e-05,1.4850415187369965e-05,1.6335456706106962e-05,2.565071714182085e-06,1.4850415187369966e-06,1.8900528420289047e-06,9.720271759005795e-06,7.695215142546255e-06,8.775245337991344e-06
100,25.125,1.7550490675982686e-06,9.450264210144524e-07,1.3500377443063605e-06,4.185117007349717e-06,2.700075488612721e-06,3.375094360765901e-06,1.641645897076534e-06,9.450264210144524e-07,1.3500377443063605e-06,7.0201962703930745e-06,5.400150977225442e-06,6.210173623809259e-06,4.0501132329190813e-07,1.1340317052173427e-07,2.700075488612721e-07,4.8601358795028975e-06,3.5100981351965372e-06,4.185117007349717e-06,2.700075488612721e-07,0.0,1.3500377443063606e-07,2.721676092521622e-06,1.4850415187369966e-06,2.160060390890177e-06
101,25.375,8.100226465838163e-07,3.8341071938300636e-07,5.400150977225442e-07,1.4850415187369966e-06,8.100226465838163e-07,1.0800301954450885e-06,6.966194760620815e-07,2.700075488612721e-07,5.400150977225442e-07,2.025056616459541e-06,1.1934333659668226e-06,1.4850415187369966e-06,0.0,0.0,0.0,1.0800301954450885e-06,5.400150977225442e-07,8.100226465838163e-07,0.0,0.0,0.0,6.750188721531802e-07,1.3500377443063606e-07,4.0501132329190813e-07
102,25.625,2.700075488612721e-07,0.0,1.3500377443063606e-07,6.750188721531802e-07,1.3500377443063606e-07,4.0501132329190813e-07,0.0,0.0,0.0,6.750188721531802e-07,1.3500377443063606e-07,4.0501132329190813e-07,0.0,0.0,0.0,1.3500377443063606e-07,0.0,1.3500377443063606e-07,0.0,0.0,0.0,1.3500377443063606e-07,0.0,0.0
103,25.875,0.0,0.0,0.0,2.700075488612721e-07,0.0,1.3500377443063606e-07,0.0,0.0,0.0,1.3500377443063606e-07,0.0,0.0,0.0,0.0,0.0,0.0,0.0,0.0,0.0,0.0,0.0,0.0,0.0,0.0
104,26.125,0.0,0.0,0.0,1.3500377443063606e-07,0.0,0.0,0.0,0.0,0.0,0.0,0.0,0.0,0.0,0.0,0.0,0.0,0.0,0.0,0.0,0.0,0.0,0.0,0.0,0.0
105,26.375,0.0,0.0,0.0,0.0,0.0,0.0,0.0,0.0,0.0,0.0,0.0,0.0,0.0,0.0,0.0,0.0,0.0,0.0,0.0,0.0,0.0,0.0,0.0,0.0
106,26.625,0.0,0.0,0.0,0.0,0.0,0.0,0.0,0.0,0.0,0.0,0.0,0.0,0.0,0.0,0.0,0.0,0.0,0.0,0.0,0.0,0.0,0.0,0.0,0.0
107,26.875,0.0,0.0,0.0,0.0,0.0,0.0,0.0,0.0,0.0,0.0,0.0,0.0,0.0,0.0,0.0,0.0,0.0,0.0,0.0,0.0,0.0,0.0,0.0,0.0
108,27.125,0.0,0.0,0.0,0.0,0.0,0.0,0.0,0.0,0.0,0.0,0.0,0.0,0.0,0.0,0.0,0.0,0.0,0.0,0.0,0.0,0.0,0.0,0.0,0.0
109,27.375,0.0,0.0,0.0,0.0,0.0,0.0,0.0,0.0,0.0,0.0,0.0,0.0,0.0,0.0,0.0,0.0,0.0,0.0,0.0,0.0,0.0,0.0,0.0,0.0
110,27.625,0.0,0.0,0.0,0.0,0.0,0.0,0.0,0.0,0.0,0.0,0.0,0.0,0.0,0.0,0.0,0.0,0.0,0.0,0.0,0.0,0.0,0.0,0.0,0.0
111,27.875,0.0,0.0,0.0,0.0,0.0,0.0,0.0,0.0,0.0,0.0,0.0,0.0,0.0,0.0,0.0,0.0,0.0,0.0,0.0,0.0,0.0,0.0,0.0,0.0
112,28.125,0.0,0.0,0.0,0.0,0.0,0.0,0.0,0.0,0.0,0.0,0.0,0.0,0.0,0.0,0.0,0.0,0.0,0.0,0.0,0.0,0.0,0.0,0.0,0.0
113,28.375,0.0,0.0,0.0,0.0,0.0,0.0,0.0,0.0,0.0,0.0,0.0,0.0,0.0,0.0,0.0,0.0,0.0,0.0,0.0,0.0,0.0,0.0,0.0,0.0
114,28.625,0.0,0.0,0.0,0.0,0.0,0.0,0.0,0.0,0.0,0.0,0.0,0.0,0.0,0.0,0.0,0.0,0.0,0.0,0.0,0.0,0.0,0.0,0.0,0.0
115,28.875,0.0,0.0,0.0,0.0,0.0,0.0,0.0,0.0,0.0,0.0,0.0,0.0,0.0,0.0,0.0,0.0,0.0,0.0,0.0,0.0,0.0,0.0,0.0,0.0
116,29.125,0.0,0.0,0.0,0.0,0.0,0.0,0.0,0.0,0.0,0.0,0.0,0.0,0.0,0.0,0.0,0.0,0.0,0.0,0.0,0.0,0.0,0.0,0.0,0.0
117,29.375,0.0,0.0,0.0,0.0,0.0,0.0,0.0,0.0,0.0,0.0,0.0,0.0,0.0,0.0,0.0,0.0,0.0,0.0,0.0,0.0,0.0,0.0,0.0,0.0
118,29.625,0.0,0.0,0.0,0.0,0.0,0.0,0.0,0.0,0.0,0.0,0.0,0.0,0.0,0.0,0.0,0.0,0.0,0.0,0.0,0.0,0.0,0.0,0.0,0.0
119,29.875,0.0,0.0,0.0,0.0,0.0,0.0,0.0,0.0,0.0,0.0,0.0,0.0,0.0,0.0,0.0,0.0,0.0,0.0,0.0,0.0,0.0,0.0,0.0,0.0
120,30.125,0.0,0.0,0.0,0.0,0.0,0.0,0.0,0.0,0.0,0.0,0.0,0.0,0.0,0.0,0.0,0.0,0.0,0.0,0.0,0.0,0.0,0.0,0.0,0.0
121,30.375,0.0,0.0,0.0,0.0,0.0,0.0,0.0,0.0,0.0,0.0,0.0,0.0,0.0,0.0,0.0,0.0,0.0,0.0,0.0,0.0,0.0,0.0,0.0,0.0
122,30.625,0.0,0.0,0.0,0.0,0.0,0.0,0.0,0.0,0.0,0.0,0.0,0.0,0.0,0.0,0.0,0.0,0.0,0.0,0.0,0.0,0.0,0.0,0.0,0.0
123,30.875,0.0,0.0,0.0,0.0,0.0,0.0,0.0,0.0,0.0,0.0,0.0,0.0,0.0,0.0,0.0,0.0,0.0,0.0,0.0,0.0,0.0,0.0,0.0,0.0
124,31.125,0.0,0.0,0.0,0.0,0.0,0.0,0.0,0.0,0.0,0.0,0.0,0.0,0.0,0.0,0.0,0.0,0.0,0.0,0.0,0.0,0.0,0.0,0.0,0.0
125,31.375,0.0,0.0,0.0,0.0,0.0,0.0,0.0,0.0,0.0,0.0,0.0,0.0,0.0,0.0,0.0,0.0,0.0,0.0,0.0,0.0,0.0,0.0,0.0,0.0
126,31.625,0.0,0.0,0.0,0.0,0.0,0.0,0.0,0.0,0.0,0.0,0.0,0.0,0.0,0.0,0.0,0.0,0.0,0.0,0.0,0.0,0.0,0.0,0.0,0.0
127,31.875,0.0,0.0,0.0,0.0,0.0,0.0,0.0,0.0,0.0,0.0,0.0,0.0,0.0,0.0,0.0,0.0,0.0,0.0,0.0,0.0,0.0,0.0,0.0,0.0
128,32.125,0.0,0.0,0.0,0.0,0.0,0.0,0.0,0.0,0.0,0.0,0.0,0.0,0.0,0.0,0.0,0.0,0.0,0.0,0.0,0.0,0.0,0.0,0.0,0.0
129,32.375,0.0,0.0,0.0,0.0,0.0,0.0,0.0,0.0,0.0,0.0,0.0,0.0,0.0,0.0,0.0,0.0,0.0,0.0,0.0,0.0,0.0,0.0,0.0,0.0
130,32.625,0.0,0.0,0.0,0.0,0.0,0.0,0.0,0.0,0.0,0.0,0.0,0.0,0.0,0.0,0.0,0.0,0.0,0.0,0.0,0.0,0.0,0.0,0.0,0.0
131,32.875,0.0,0.0,0.0,0.0,0.0,0.0,0.0,0.0,0.0,0.0,0.0,0.0,0.0,0.0,0.0,0.0,0.0,0.0,0.0,0.0,0.0,0.0,0.0,0.0
132,33.125,0.0,0.0,0.0,0.0,0.0,0.0,0.0,0.0,0.0,0.0,0.0,0.0,0.0,0.0,0.0,0.0,0.0,0.0,0.0,0.0,0.0,0.0,0.0,0.0
133,33.375,0.0,0.0,0.0,0.0,0.0,0.0,0.0,0.0,0.0,0.0,0.0,0.0,0.0,0.0,0.0,0.0,0.0,0.0,0.0,0.0,0.0,0.0,0.0,0.0
134,33.625,0.0,0.0,0.0,0.0,0.0,0.0,0.0,0.0,0.0,0.0,0.0,0.0,0.0,0.0,0.0,0.0,0.0,0.0,0.0,0.0,0.0,0.0,0.0,0.0
135,33.875,0.0,0.0,0.0,0.0,0.0,0.0,0.0,0.0,0.0,0.0,0.0,0.0,0.0,0.0,0.0,0.0,0.0,0.0,0.0,0.0,0.0,0.0,0.0,0.0
136,34.125,0.0,0.0,0.0,0.0,0.0,0.0,0.0,0.0,0.0,0.0,0.0,0.0,0.0,0.0,0.0,0.0,0.0,0.0,0.0,0.0,0.0,0.0,0.0,0.0
137,34.375,0.0,0.0,0.0,0.0,0.0,0.0,0.0,0.0,0.0,0.0,0.0,0.0,0.0,0.0,0.0,0.0,0.0,0.0,0.0,0.0,0.0,0.0,0.0,0.0
138,34.625,0.0,0.0,0.0,0.0,0.0,0.0,0.0,0.0,0.0,0.0,0.0,0.0,0.0,0.0,0.0,0.0,0.0,0.0,0.0,0.0,0.0,0.0,0.0,0.0
139,34.875,0.0,0.0,0.0,0.0,0.0,0.0,0.0,0.0,0.0,0.0,0.0,0.0,0.0,0.0,0.0,0.0,0.0,0.0,0.0,0.0,0.0,0.0,0.0,0.0
140,35.125,0.0,0.0,0.0,0.0,0.0,0.0,0.0,0.0,0.0,0.0,0.0,0.0,0.0,0.0,0.0,0.0,0.0,0.0,0.0,0.0,0.0,0.0,0.0,0.0
141,35.375,0.0,0.0,0.0,0.0,0.0,0.0,0.0,0.0,0.0,0.0,0.0,0.0,0.0,0.0,0.0,0.0,0.0,0.0,0.0,0.0,0.0,0.0,0.0,0.0
142,35.625,0.0,0.0,0.0,0.0,0.0,0.0,0.0,0.0,0.0,0.0,0.0,0.0,0.0,0.0,0.0,0.0,0.0,0.0,0.0,0.0,0.0,0.0,0.0,0.0
143,35.875,0.0,0.0,0.0,0.0,0.0,0.0,0.0,0.0,0.0,0.0,0.0,0.0,0.0,0.0,0.0,0.0,0.0,0.0,0.0,0.0,0.0,0.0,0.0,0.0
144,36.125,0.0,0.0,0.0,0.0,0.0,0.0,0.0,0.0,0.0,0.0,0.0,0.0,0.0,0.0,0.0,0.0,0.0,0.0,0.0,0.0,0.0,0.0,0.0,0.0
145,36.375,0.0,0.0,0.0,0.0,0.0,0.0,0.0,0.0,0.0,0.0,0.0,0.0,0.0,0.0,0.0,0.0,0.0,0.0,0.0,0.0,0.0,0.0,0.0,0.0
146,36.625,0.0,0.0,0.0,0.0,0.0,0.0,0.0,0.0,0.0,0.0,0.0,0.0,0.0,0.0,0.0,0.0,0.0,0.0,0.0,0.0,0.0,0.0,0.0,0.0
147,36.875,0.0,0.0,0.0,0.0,0.0,0.0,0.0,0.0,0.0,0.0,0.0,0.0,0.0,0.0,0.0,0.0,0.0,0.0,0.0,0.0,0.0,0.0,0.0,0.0
148,37.125,0.0,0.0,0.0,0.0,0.0,0.0,0.0,0.0,0.0,0.0,0.0,0.0,0.0,0.0,0.0,0.0,0.0,0.0,0.0,0.0,0.0,0.0,0.0,0.0
149,37.375,0.0,0.0,0.0,0.0,0.0,0.0,0.0,0.0,0.0,0.0,0.0,0.0,0.0,0.0,0.0,0.0,0.0,0.0,0.0,0.0,0.0,0.0,0.0,0.0
150,37.625,0.0,0.0,0.0,0.0,0.0,0.0,0.0,0.0,0.0,0.0,0.0,0.0,0.0,0.0,0.0,0.0,0.0,0.0,0.0,0.0,0.0,0.0,0.0,0.0
151,37.875,0.0,0.0,0.0,0.0,0.0,0.0,0.0,0.0,0.0,0.0,0.0,0.0,0.0,0.0,0.0,0.0,0.0,0.0,0.0,0.0,0.0,0.0,0.0,0.0
152,38.125,0.0,0.0,0.0,0.0,0.0,0.0,0.0,0.0,0.0,0.0,0.0,0.0,0.0,0.0,0.0,0.0,0.0,0.0,0.0,0.0,0.0,0.0,0.0,0.0
153,38.375,0.0,0.0,0.0,0.0,0.0,0.0,0.0,0.0,0.0,0.0,0.0,0.0,0.0,0.0,0.0,0.0,0.0,0.0,0.0,0.0,0.0,0.0,0.0,0.0
154,38.625,0.0,0.0,0.0,0.0,0.0,0.0,0.0,0.0,0.0,0.0,0.0,0.0,0.0,0.0,0.0,0.0,0.0,0.0,0.0,0.0,0.0,0.0,0.0,0.0
155,38.875,0.0,0.0,0.0,0.0,0.0,0.0,0.0,0.0,0.0,0.0,0.0,0.0,0.0,0.0,0.0,0.0,0.0,0.0,0.0,0.0,0.0,0.0,0.0,0.0
156,39.125,0.0,0.0,0.0,0.0,0.0,0.0,0.0,0.0,0.0,0.0,0.0,0.0,0.0,0.0,0.0,0.0,0.0,0.0,0.0,0.0,0.0,0.0,0.0,0.0
157,39.375,0.0,0.0,0.0,0.0,0.0,0.0,0.0,0.0,0.0,0.0,0.0,0.0,0.0,0.0,0.0,0.0,0.0,0.0,0.0,0.0,0.0,0.0,0.0,0.0
158,39.625,0.0,0.0,0.0,0.0,0.0,0.0,0.0,0.0,0.0,0.0,0.0,0.0,0.0,0.0,0.0,0.0,0.0,0.0,0.0,0.0,0.0,0.0,0.0,0.0
159,39.875,0.0,0.0,0.0,0.0,0.0,0.0,0.0,0.0,0.0,0.0,0.0,0.0,0.0,0.0,0.0,0.0,0.0,0.0,0.0,0.0,0.0,0.0,0.0,0.0
